,title,description,summary,installs,minInstalls,realInstalls,score,ratings,reviews,offersIAP,genre,adSupported,containsAds,released,recentChanges
0,Alison: Online Courses,"With Alison's 3000+ totally free online courses, you will learn anywhere, at your own pace.

First job? Seeking a promotion or job change?
Alison's courses are designed so you can upskill quickly and earn certificates to boost your hiring chances.

Hundreds of NEW online courses every month in the most searched learning categories:

‚óæ IT
‚óæ Business
‚óæ Languages
‚óæ Health
‚óæ Science
‚óæ Marketing
‚óæ Math
‚óæ Skilled Trades
‚óæ Arts and Crafts
... and many more!


AFFORDABILITY

‚óæ Enroll for free in any course.
‚óæ Take the FREE Assessment to earn certificates and diplomas.


APP FEATURES

The learning app also comes with a range of handy tools in your Personal Dashboard:

‚óæ Track your learning stats
‚óæ List of all courses you enrolled
‚óæ Easy access to 3000+ courses
‚óæ Direct access to Alison customer support


CONVENIENCE

On your way to work, in a park, at the airport, whenever you get a moment you can complete another course topic and get that bit closer to your next Certificate or even Diploma.
With the Alison learning app, you can learn any time at all. 


INSTALL NOW

Join 20 million students in one of the world‚Äôs largest free online learning platforms.

Learn for free.
Boost your Career.

https://alison.com",Online courses from the world‚Äôs leading experts. Join 20 million learners.,"1,000,000+",1000000,2024603,4.618868,33086,985,True,Education,True,True,"Nov 5, 2020","A new official Alison Mobile App

Update 16.11.22:
-  bug fixes"
1,Udemy - Online Courses,"Skill up to success. Udemy is a leading destination for online courses that empowers you to grow professionally and personally. Get the app to explore our expansive library of thousands of topics with cutting-edge online video courses in Coding, Development, Python, Java, Business, Marketing, SEO, SEM, Drawing, Photography, and much more.

Tap into knowledge from around the world by learning from real-world experts. With courses in over 65 languages, you‚Äôll probably find the right course for your goals.

Here‚Äôs what makes learning with the Udemy app so valuable:

LEARN OFFLINE: Download courses and learn even when your internet connection is unreliable

LEARN ON THE BIG SCREEN: Watch courses with Chromecast

DARK MODE: Stay focused in any lighting condition

LEARNING REMINDERS: Build your learning routine with customised push notifications that fit your schedule

NOTES: Maximise your learning by taking notes and adding bookmarks to remember more of what you learned

QUIZZES: Take in-course quizzes to reinforce your learning

Q&A: Ask instructors your burning questions to increase your knowledge or get a little extra help

LIFETIME ACCESS: Take courses on your schedule. Revisit them as needed.

Many instructors update courses (at no extra cost) to bring you the latest knowledge as it becomes available. Making learning with us is a short- and long-term investment in your success.

Other popular topics people are learning to achieve their goals:
App Development: Android, iOS, Swift
Data Science: R, Machine Learning, Artificial Intelligence
Marketing: Mobile, Social Media, SEM, SEO
Art, Music, Drawing, Photography, Health & Fitness

Learners around the world trust Udemy to launch new careers, advance in their current field, and reap the benefits of lifelong learning.

Take control of your future with online courses that deliver practical, professional skills. Prepare for certification exams in IT, Project Management, and more. Earn certificates of completion for paid courses to showcase on your CV or impress in your next interview.

Join millions of learners around the globe and improve your life through learning!","Achieve your goals with online courses in Coding, Python, and more.","10,000,000+",10000000,25424427,4.3964524,385477,13533,True,Education,False,False,"Jan 14, 2014",
2,Khan Academy,"You can learn anything. For free.

Spend an afternoon brushing up on statistics. Discover how the Krebs cycle works. Get a head start on next semester's geometry. Prepare for upcoming exams. Or, if you're feeling particularly adventurous, learn how fire-stick farming changes the landscape of Australia.

Whether you're a student, teacher, homeschooler, principal, adult returning to the classroom after 20 years, or a friendly alien trying to get a leg up in earthly biology ‚Äî Khan Academy's personalized learning library is available to you, for free.

- Learn anything, for free: Thousands of interactive exercises, videos, and articles at your fingertips. Study math, science, economics, finance, grammar, history, government, politics, and much, much more.

- Sharpen your skills: Practice exercises, quizzes, and tests with instant feedback and step-by-step hints. Follow along with what you're learning in school, or practice at your own pace.

- Keep learning when you're offline: Bookmark and download your favorite content to watch videos without an internet connection.

- Pick up where you left off: Tailored to your current learning level, our mastery system gives instant feedback and recommendations on exactly which skills and videos to try next. And, if you choose to create a free account, your learning syncs with http://khanacademy.org, so your progress is always up-to-date across all your devices. 

Learn using expert-created videos, interactive exercises, and in-depth articles in math (arithmetic, pre-algebra, algebra, geometry, trigonometry, statistics, calculus, differential equations, linear algebra), science (biology, chemistry, physics), economics (microeconomics, macroeconomics, finance and capital markets), humanities (art history, civics, finance, US history, US government and politics, world history), and more (including computer science principles)!

Already familiar with the Khan Academy website? Not all functionality is available in this app. Community discussions, computer programming content, test prep, parent tools, teacher tools, and district tools should all be accessed directly at http://khanacademy.org.

Khan Academy is a 501(c)(3) nonprofit organization, with the mission of providing a free, world-class education for anyone, anywhere.",You can learn anything. For free.,"10,000,000+",10000000,20475407,4.3322287,158754,8768,False,Education,False,False,"Sep 22, 2015",‚àô Bug fixes and performance improvements.
3,edX: Courses by Harvard & MIT,"<b>edX brings online courses from the world‚Äôs best universities and industry-leading companies to your mobile device, making it easy for you to learn something new and build job-relevant skills in today‚Äôs fastest growing fields. </b>

Learn anytime, anywhere

With edX‚Äôs free app, you have the freedom to learn on your own schedule:
- Stream online classes in data science, blockchain, Python, and more to learn on the go.
- Download online courses to watch anytime.
- Test your knowledge with quizzes and exams as you advance through each course.
- View course announcements and handouts.
- Use the advanced search to find courses in any subject, from programming to philosophy to history and more.

Explore online courses from 30+ subjects, including:
- Computer science ‚Äì Learn programming in Python, C++, Java, R, and more. Delve into in-demand topics like artificial intelligence, machine learning, big data, cloud computing, and cybersecurity.
- Business & Management - Build your knowledge in accounting, marketing, finance, economics, information technology, entrepreneurship, and more.
- Mathematics - Master your skills in calculus, statistics, and algebra with math courses from high school to college level. 
- Science & Engineering: Explore biology, chemistry, robotics, manufacturing, and various engineering fields.
- Language: Learn a new language, including Spanish, Mandarin, French, English, and sign language. 

Choose from thousands of courses in those popular subjects and more, including art, law, politics, and history. 

About edX:
edX is the education movement for restless learners. Together with our founding partners Harvard and MIT, we‚Äôve brought together over 30 million learners, the majority of top-ranked universities in the world, and industry-leading companies onto one online learning platform that supports learners at every stage of their lives. We‚Äôre pursuing our vision of a world where every learner can access education to unlock their potential, without the barriers of cost or location. 

Visit us: edx.org
Like us: facebook.com/edx
Follow us: twitter.com/edxonline and instagram.com/edxonline",Gain new skills. Access 2000 courses from 140 institutions. Join for free.,"5,000,000+",5000000,8245587,4.597101,98197,2237,True,Education,False,False,"Dec 8, 2014",General improvements and bug fixes.
4,Skillshare - Online Classes,"Explore your creativity on Skillshare, the leading platform for online courses where millions of creatives come together to take the next step in their creative journey.

Discover thousands of inspiring classes on topics like drawing, calligraphy, graphic design, photography, animation, arts and crafts, illustration, hand lettering, pattern design, icon design, watercolour, and more. Learn to use creative tools like Procreate, Fresco, Illustrator, and Photoshop. 

Take the opportunity to learn from leading professionals and start your creative career.

‚Ä¢ Download the app to watch hundreds of free classes.
‚Ä¢ Start your free trial of Skillshare Premium to get unlimited access to our full library of premium, subscription-only classes.
‚Ä¢ As a Skillshare Premium Member, you can also download classes to watch offline.

Questions? Suggestions? Feel free to email us at help@skillshare.com.

TERMS
After your 30 day trial, payment will automatically be charged to your Google Play Account. Your subscription automatically renews unless auto-renew is turned off at least 24-hours before the end of the current period. Your account will be charged for renewal within 24-hours prior to the end of the current period. Your subscription and auto-renewal settings are managed via your Google Play Account Settings. For further information please refer to our privacy policy (https://www.skillshare.com/ss/privacy) and terms of use (https://www.skillshare.com/ss/terms).","Learn how to draw, calligraphy, graphic design, photography, animation and more","1,000,000+",1000000,3483720,4.2994924,53912,4421,True,Education,False,False,"May 18, 2015",This release we've fixed some bugs and improved app stability. Stay tuned for more improvements‚Äîwe're working hard to make life easier for creatives like you to learn and create!
5,LinkedIn Learning,"Grow your skills with LinkedIn Learning. Explore over 16,000 expert-led courses, available both for free and with a subscription.

Learn on the go with the LinkedIn Learning Android app.

Get the skills you need to succeed by watching bite-sized video courses anytime, anywhere.

Whether you want to learn leadership skills, build a mobile app, or how to use software, LinkedIn Learning has something for you.  Take marketing classes, get management training, learn graphic design, take photography courses, watch web and interactive design tutorials, and much more.  Watch expert-taught courses in leadership, programming, IT, 3D animation, and much more.

Sharpen your skills and get the most out of your LinkedIn Learning membership with the app:
- Access 16,000+ courses in business, tech and creative with more added each month
- Get personalized course recommendations
- Download courses for offline viewing
- Explore curated courses for a guided learning experience
- Save courses to watch later
- Watch entire courses or individual videos at your own pace
- Share courses with your network
- Add certificates of completion to your LinkedIn profile
- Access to LinkedIn Premium networking tools, and exclusive insights like Who‚Äôs Viewed Your Profile


Popular course topics and skills include:
- Learn business skills like becoming a manager, learn to give presentations, and how to negotiate
- Get communication tips and and time management training
- Develop leadership skills and get training on strategic planning
- Watch a variety of marketing tutorials like content marketing, digital marketing, SEO, and marketing tools like Google Analytics
- Brush up on Excel skills, QuickBooks, and other tools
- Learn coding languages like SQL, Java, C#, Python, and more
- Get the skills you need in IT infrastructure, database administration, and software administration
- Get training on game design and development
- Learn web development and how to build web applications or mobile apps
- Learn how to design and create a website
- Learn how to design logos, create ebooks, and more with in-depth tutorials on Illustrator, InDesign, Muse, and other software
- Learn photography and photo editing techniques, how to use a camera, Photoshop, Lightroom, and more
- Learn how to record and learn music production
- Learn videography and motion graphics with tutorials taught by experts
- Get 3D modeling and animation skills

The LinkedIn Learning app is free to download, with courses you can watch for free right away. With a subscription, you can access our full library across technology, creative and business topics.

For Monthly Premium: $29.99 monthly USD
For Annual Premium: $299.88 annual USD

If you choose to subscribe, your subscription will automatically renew until cancelled and will charge your credit card. You can turn off auto-renew at any time through your LinkedIn account.","Learn in-demand business, tech and creative skills from industry experts","10,000,000+",10000000,10970970,4.719527,94733,1816,True,Education,False,False,"Sep 22, 2016",We update LinkedIn Learning frequently to improve your learning experience led by more than 800 industry experts chosen from around the world. Visit weekly to see what‚Äôs new. Love LinkedIn Learning? Rate the app! Your feedback shows us what matters. Plus: the app includes a Help Center to answer your questions.
6,Coursera: Learn career skills,"Build job-relevant, in-demand skills by learning with experts from world-class companies and universities.

WITH COURSERA YOU CAN:
‚Ä¢ Learn job-relevant skills and industry-standard tools through hands-on projects 
‚Ä¢ Build knowledge for your career across a wide range of industry-tailored courses
‚Ä¢ Get job-ready for an in-demand role through Professional Certificates
‚Ä¢ Master a skill in a specific industry field with Specializations
‚Ä¢ Advance your career with a bachelor‚Äôs or master‚Äôs degree

SO THAT YOU‚ÄôLL BE ABLE TO:
‚Ä¢ Grow your career with confidence
‚Ä¢ Develop skills and credentials to stand out
‚Ä¢ Enjoy flexibility and control over your career

WITH THE COURSERA APP YOU GET: 
‚Ä¢ Flexible schedules and on-demand courses
‚Ä¢ Downloadable videos for offline viewing
‚Ä¢ Mobile-friendly courses, so you can learn effectively on any device
‚Ä¢ Saved coursework, quizzes and projects across your desktop and mobile devices
‚Ä¢ Video subtitles for a variety of  languages, including: Arabic, French, German, Indonesian, Japanese, Korean, Portuguese, Russian, Chinese, and Spanish

POPULAR COURSES: 
‚Ä¢ Computer Science: Programming, Mobile and Web Development, Python
‚Ä¢ Data Science: Machine Learning, Probability and Statistics, Data Analysis
‚Ä¢ Business: Finance, Marketing, Entrepreneurship, Business Strategy, E-commerce, UX, Design
‚Ä¢ Information Technology: Cloud Computing, Support and Operations, Data Management, Security
 
PROFESSIONAL CERTIFICATE PROGRAMS: 
‚Ä¢ Front end developer, back-end developer, DevOps engineer
‚Ä¢ Data analyst, data scientist, data engineer, data warehouse developer
‚Ä¢ Project manager, UX designer, digital marketer, social media marketer, marketing analyst 
‚Ä¢ IT support specialist, application developer, Cybersecurity analyst
‚Ä¢ Sales development representative, sales operations specialist bookkeeper, sales representative 
 
DEGREE CATEGORIES:
‚Ä¢ MBA and Business Degrees, Management Degrees  
‚Ä¢ Computer Science and Engineering, Data Science, and Data Analytics 
‚Ä¢ Social Science, Public Health
 
Get to Know Us: http://www.coursera.org
Privacy Policy: https://www.coursera.org/about/privacy
Terms of Service: https://www.coursera.org/about/terms","Start, switch, or advance your career with courses, certificates, and degrees.","10,000,000+",10000000,18231275,4.3338504,145356,4008,True,Education,False,False,"Mar 27, 2014","Thanks for using Coursera! Here's what changed:

- Visual and performance improvements

We appreciate all of your feedback and ratings. If you encounter a technical issue, please visit us at https://help.coursera.org/. Thank you for helping us make Coursera even better!"
7,Duolingo: language lessons,"Learn a new language with the world‚Äôs most-downloaded education app! Duolingo is the fun, free app for learning 40+ languages through quick, bite-sized lessons. Practice speaking, reading, listening, and writing to build your vocabulary and grammar skills.

Designed by language experts and loved by hundreds of millions of learners worldwide, Duolingo helps you prepare for real conversations in Spanish, French, Chinese, Italian, German, English, and more.

Whether you‚Äôre learning a language for travel, school, career, family and friends, or your brain health, you‚Äôll love learning with Duolingo. 

Why Duolingo? 
Duolingo is fun and effective. Game-like lessons and fun characters help you build solid speaking, reading, listening, and writing skills.
Duolingo works. Designed by language experts, Duolingo has a science-based teaching methodology proven to foster long-term language retention.
Track your progress. Work toward your language learning goals with playful rewards and achievements when you make practicing a daily habit!
Join 300+ million learners. Stay motivated with competitive Leaderboards as you learn alongside our global community. 
Every language course is free. Learn Spanish, French, German, Italian, Russian, Portuguese, Turkish, Dutch, Irish, Danish, Swedish, Ukrainian, Esperanto, Polish, Greek, Hungarian, Norwegian, Hebrew, Welsh, Arabic, Latin, Hawaiian, Scottish Gaelic, Vietnamese, Korean, Japanese, English, and even High Valyrian!

What the world is saying about Duolingo‚≠êÔ∏è‚≠êÔ∏è‚≠êÔ∏è‚≠êÔ∏è‚≠êÔ∏è:

Editor's Choice and ""Best of the Best‚Äù ‚ÄîGoogle Play

‚ÄúFar and away the best language-learning app.‚Äù ‚ÄîThe Wall Street Journal

‚ÄúThis free app and website is among the most effective language-learning methods I‚Äôve tried‚Ä¶ lessons come in the form of brief challenges ‚Äî speaking, translating, answering multiple-choice questions ‚Äî that keep me coming back for more.‚Äù ‚ÄîThe New York Times

‚ÄúDuolingo may hold the secret to the future of education.‚Äù ‚Äî TIME Magazine

‚Äú...Duolingo is cheerful, lighthearted and fun‚Ä¶‚Äù ‚Äî Forbes

If you like Duolingo, try Super Duolingo for 14 days free! Learn a language fast with no ads, and get fun perks like Unlimited Hearts and Monthly Streak Repair. 

Send any feedback to android@duolingo.com

Use Duolingo on the Web at https://www.duolingo.com

Privacy Policy: https://www.duolingo.com/privacy","Learn Spanish, French, German, Italian, English and more languages for free.","100,000,000+",100000000,376833922,4.540774,13874114,638927,True,Education,True,True,"May 29, 2013",
8,Toppr - Learning App for Class,"<b>Toppr - Best Educational App for Students</b>
<b> The Full Version of Toppr requires a paid subscription </b>

Toppr is an online learning app personalized for CBSE, ICSE & State Board students. We are on the mission to make online study experience easy and smooth for students. We cover a very wide range of syllabus from CBSE Board, ICSE, and State Boards. Students who are preparing for IIT JEE Main, NEET, AIIMS can also use Toppr to prepare and practice with Mock Tests. 

Our Video lectures cover all topics & chapters from the CBSE syllabus. CBSE video lectures are available in Hindi and English. You can learn through our high-quality video lectures, take mock tests for the exam you are preparing & also practice questions asked in previous exams. 

Toppr also has a real-time doubt clearing feature. In fact, Toppr is one of the best doubt-solving apps. Be it Chemistry, Maths, Science, Physics, or any subject, our experts are available 24x7! 

<b>Toppr - Best Learning App for CBSE, ICSE, and State Board Students</b>

For students from CBSE Class 5 to Class 12, Toppr is the best learning app. Toppr provides a wide range of study materials like NCERT Solutions, Previous Year Question Papers, CBSE Notes, Important Questions, and much more. NCERT Solutions is very important for CBSE students since CBSE follows the NCERT Syllabus guidelines. You can get NCERT Solutions for every chapter & topic on Toppr. Furthermore, you can also clear doubts in Maths, Chemistry, Biology and other subjects on Toppr. We cover all subjects - English, Physics, Chemistry, Maths, Biology, Science, History, Geography, Civics and more.

<b>Toppr - Best Entrance Exams Preparation App - JEE Main, NEET, AIIMS and more</b>

Are you preparing for IIT JEE Main, NEET, AIIMS or any Engineering, Commerce or Medical Entrance Exam? Then Toppr is the best option for you! You can take mock tests for all the entrance exams on Toppr. Toppr is the best app for NEET Preparation, IIT JEE Main Preparation, AIIMS Preparation, JIPMER, and much more. You can take the JEE Main Mock Test to test your knowledge.

<b>Toppr Live: Live Classes for Class 5-12, IIT JEE Main, IIT JEE Advanced and NEET</b>

Toppr Live class aims at personalizing learning for millions of children by giving them direct access to India‚Äôs best teachers.

<b>Following is List of Entrance Exams we cover - </b>

<b>Medical & Engineering Exams - </b>

MHT-CET
TS-EAMCET
AP-EAMCET
BITSAT
VITEEE
BCECE
KCET
KEAM & more

<b>Engineering Exams </b>

IIT JEE Main
IIT JEE Advanced
UPSEE (UPTU)
COMEDK
WBJEE & more

<b>Medical Exams </b>

NEET
AIIMS
JIPMER

<b>Commerce Exams </b>

CA, CS, & CMA Foundation
CLAT


Following are the plans available in Toppr Plus app.

<b>Under Advanced Plan You Get -</b>
Live classes
Stories & concepts
Practice questions & Crash course 
Test series & previous papers
Create your own tests

<b>Under Ultimate Plan You Get-</b>

Everything from Master Plan 
Ask Doubts - Chat with tutors 24x7 & get Instant solutions

<b>You can also avail flexible EMI options<b>

<b>Certain packages include a welcome kit delivered to the student's home. </b>

<b>You can avail attractive scholarships for students from Class 5 - 12& who are preparing for entrance exams. Talk to your academic consultant to check your eligibility </b>

Privacy Policy: https://www.toppr.com/privacy/
Terms of Service: https://www.toppr.com/terms/</b></b>","Study for CBSE, ICSE, State Boards - Class 5,6,7,8,9,10,11,12 & JEE, NEET exams","10,000,000+",10000000,14862580,4.1,186248,169,False,Education,False,False,"Aug 28, 2013",- Stability fixes
9,Simplilearn: Online Learning,"Upskill with our free Bootcamp Classes & Educative Videos on Cybersecurity, Digital Marketing, etc. The courses cover a wide range of topics and are free of charge. Not only this, but you also get a job placement guarantee for Data Science and Java Stack Developer courses.

Simplilearn has empowered over 2 million innovative individuals across 150 countries. Learn digital skills such as Python, Data Science, Artificial Intelligence, etc for free and get secure jobs online. Level up your skills by enrolling in free courses from industry experts to help you land the job of your dreams.

<b>Why choose us?</b>
‚úî Learn from 600+ top skills
‚úî Live weekly webinars
‚úî World-class mentorship
‚úî Interactive live classes & training courses
‚úî Hands-on learning with capstone projects
‚úî Job alerts & placement guarantee programs

PROGRAMS WE OFFER
üíª<b>Coding and Software Development courses</b>
Get coding certifications like Data Science with Python,  Business Analytics, and Big Data. Get expertise in courses like SQL, HTML, Javascript, Data Analytics & Programming. You won't only progress with the Data Science course, but also receive an online job guarantee program. 

üîê<b>Cybersecurity</b>
Protect the digital world with your high-tech cybersecurity skills, and gain access to industrial hacking tools with Cybersecurity & Cloud Computing courses such as CEH, CISSP, COBIT & more.

üôç<b>Learn Digital Marketing</b>
Explore the digital industry to get equipped with the knowledge and advanced skills, tools & strategies to thrive in the modern world. Get free digital marketing certification with courses like (Search Engine Optimization) SEO, Advanced Social Media & other digital marketing courses

üñ•Ô∏è<b>AI & Machine Learning</b> 
Make technologies smarter with AI & Machine Learning courses, and transform the future with our online learning app. Gain expertise in the tech industry by learning artificial intelligence courses like - NLP, Deep Learning & TensorFlow courses.

üìä<b>Cloud Computing</b>
Learn how to avail and control computer resources like data storage and computing power with the on-demand AWS, Google Cloud, and Microsoft Azure with Cloud Computing Courses.

üìÉ<b>Project Management</b>
Get your management skills up to speed. Avail of free certifications for Business Courses and develop tech skills like Six Sigma, PMP, Agile, Scrum, etc. 

üñ•<b>DevOps</b>
Master data development, automation, IT service agility, and deployment using Docker, Jenkins, etc.  

üéì<b>Post Graduate Programs</b>
Take advantage of our immersive courses & rigorous curriculum to enhance your technical and leadership skills. Select from a wide range of programs such as Management, Blockchain, Business Analytics, Six Sigma & more.

üï¥Ô∏è<b>Business & Leadership</b>
Develop industry-relevant skills in Big Data, Full-Stack Web Development, Java, Programming, Data Science & Business Analytics. Boost your technical expertise & leadership skills.

üÜô<b>SkillUp Courses<b>
Developing new skills can help you advance your career. Sign up today for any free IT course online with the latest content & industrial experts in Data Science, Digital Marketing, AI, Blockchain, Cloud Computing & more. With Data Science, you will get a job placement. 

üí°<b>Student‚Äôs perks</b>
‚úì A great learning experience with standard video lessons
‚úìWorld-class mentorship by industry experts
‚úì Online learning support available 24x7
‚úì Free certification programs
‚úì 100+ E-books & 500+ articles
‚úì Job Alerts & Online Placement
‚úì Job Vacancy & Posting Online

üôã‚Äç‚ôÄÔ∏è<b>We got featured!</b>

2020 Winner - Aegis Graham Bell Award for Innovation in Edtech

2020 Winner - Top 20 Company in the Online Learning Library Training Industry

Higher Education Partners: Purdue University, Caltech CTME, UMass Amherst, IIT Kanpur & more.

Fortune 500 Industry Partners: Accenture, Deloitte, IBM, KPMG, Samsung, P&G, Coca-Cola, Amazon, etc.

Download the app now to upskill your career & get a job placement in your dream career!</b></b>",Earn Certifications By Taking Online Courses and Get Job Placement Guarantee,"1,000,000+",1000000,1522270,4.3897057,56112,486,False,Education,False,False,"Oct 13, 2014",Performance Improvements and bug fixes
10,Khan Academy Kids,"Inspire a lifetime of learning and discovery with Khan Academy Kids, the ultimate educational program for kids ages 2‚Äì8. Our award-winning app is thoughtfully designed by experts in early childhood education to guide young learners on a delightful journey through key skills in math, reading, phonics, writing, social-emotional development, and more. It includes thousands of lessons, activities, books, and games that are age-appropriate for preschool through second grade. With catchy songs and yoga videos, your littles will also have fun moving, dancing, and getting the wiggles out. 
 
The app is perfect for learning at home or in school. Parents can choose lessons from the app‚Äôs library for their kids or use the personalized learning path that automatically adjusts to each child‚Äôs level. Teachers can quickly and easily find lessons by standard, make assignments, and monitor student progress through a suite of teacher tools.
 
Khan Academy Kids is completely free, forever‚Äîno ads and no subscriptions necessary. And we‚Äôre always adding new content to keep kids engaged, including books, songs, and videos from Super Simple Songs¬Æ, Bellwether Media, National Geographic Young Explorer Magazine, and Alo Yoga.
 
Download today and let the joyful learning begin!
 
We‚Äôd love to hear from you. Please visit us at khanacademykids.org, or drop us a line at khankids@khanacademy.org.
 
Here‚Äôs a sample of what you‚Äôll find in the app:
 
ALL-NEW ORIGINAL BOOKS 
‚Ä¢ 15 new books teach kids important skills like empathy, self-confidence, problem solving, and appreciating and accepting different cultures and perspectives.
‚Ä¢ The children in our stories represent different backgrounds, cultures, abilities, ethnicities, and family structures.

AWARD-WINNING CONTENT
‚Ä¢ Common Sense Media‚Äî5-star Educational Value, 5-star Ease of Play
‚Ä¢ Children's Technology Review Editor's Choice Award for Excellence in Design‚Äî100% Rating
‚Ä¢ Parents' Choice Foundation Gold Award
 
ROBUST CURRICULUM
‚Ä¢ Reading and literacy‚Äîphonics, letters, spelling, and comprehension
‚Ä¢ Language‚Äîvocabulary and parts of speech
‚Ä¢ Math‚Äîcounting, numbers, addition, subtraction, shapes, and measuring
‚Ä¢ Executive function and logic‚Äîfocus, memory, and problem-solving

PERSONALIZED LEARNING EXPERIENCE
‚Ä¢ Adaptive learning path allows each child to learn at their own pace
‚Ä¢ Children learn independently in the Library‚Äîa collection of activities, books, and videos
‚Ä¢ Kids can read books on their own or follow along with recorded audio narration

JOYFUL LEARNING
‚Ä¢ Five whimsical characters encourage children to think and learn
‚Ä¢ Highly interactive educational games and activities
 
EMOTIONAL AND PHYSICAL DEVELOPMENT
‚Ä¢ Social-emotional‚Äîrelationships, self-control, and empathy
‚Ä¢ Creative expression‚Äîdrawing, storytelling, and coloring

CREATED BY A TEAM OF EXPERTS
‚Ä¢ Developed in collaboration with experts at the Stanford Graduate School of Education
‚Ä¢ Aligns with Head Start Early Learning Outcomes Framework and Common Core Standards
 
ABOUT KHAN ACADEMY AND KHAN ACADEMY KIDS
Khan Academy is a 501(c)(3) nonprofit organization with the mission of providing a free, world-class education for anyone, anywhere. Khan Academy Kids was created by experienced early learning experts who have created 22 other top-selling titles and received 22 Parents‚Äô Choice Awards, 19 Children‚Äôs Technology Review Awards, and a KAPi award for Best Children‚Äôs App at the International Consumer Electronics Show. Khan Academy Kids is 100% free, without ads or subscriptions.
 
ABOUT SUPER SIMPLE SONGS¬Æ 
Skyship Entertainment‚Ñ¢ is the creator of the beloved children‚Äôs brand, Super Simple‚Ñ¢. Their award-winning Super Simple Songs¬Æ combines delightful animation and puppetry with original and classic kids‚Äô songs to help make learning simple and fun. With over 10 billion views and 10 million subscribers on YouTube, their songs and videos are favorites with parents, teachers, and kids around the globe.","Thousands of fun activities to help kids learn math, reading, spelling, and more","1,000,000+",1000000,4817622,4.6397696,37422,4987,False,Education,False,False,"Jul 10, 2018","In the latest update, we fixed some bugs and made some minor updates. Please update your app for the best learning experience. 

If you have any feedback, please contact us at khankids@khanacademy.org.

If you're enjoying Khan Academy Kids, please consider leaving us a rating or review! Happy learning!"
11,Great Learning: Online Courses,"Free Online Courses With Free Certificates. Free Access To Job Listings.
The Great Learning App enables professionals and students to learn the most in-demand skills to help them achieve career success. This app offers full-time PG programs for working professionals and free handy modules for beginners and college students in:

* Data Science
* Machine Learning
* Artificial Intelligence
* Cloud Computing
* CyberSecurity
* Marketing and Finance
* Big Data
and many more.

The Best App to Learn Industry-relevant Skills:

Upskilling made easy with the best in class PG programs in new-age skills to make you job-ready.
Learn from beginner-friendly modules that are designed by leading industry practitioners and academicians in association with the world‚Äôs most renowned universities.

A Learning buddy for College Students

For college students, we also offer Live and free classes to enable them to prepare for their semester exams. The free classes will cover the most challenging topics in an easy-to-understand manner so that students can grasp concepts quickly. In addition to that, the app also features a career preparation module, that‚Äôs designed to help them land their first job. This module includes Interview preparation, Aptitude & Soft Skills sessions to help prepare for the world outside college.

Gain valuable industry insights
Live interactions with industry experts that help you build context for the skills you learn. You‚Äôll learn from professionals with many years of experience and strong skills in the top domains.

Showcase your expertise
Get a Certificate of Completion for each module, which you can share on your social profiles. These certificates will help you stand out to recruiters and add value to your professional profile.

Achieve Career Success
Get career guidance and mentorship from experts, to make the right decisions, find the best opportunities to help you build the career of your dreams.

Learn from wherever you are
Download course content onto your phone any learn anytime, anywhere

Always keep your skills up to date
With course content that‚Äôs constantly being updated according to industry demands, you‚Äôll be at the forefront of the latest tech and business skills.


About Great Learning

Great Learning is India‚Äôs leading professional learning platform, with a mission to make professionals proficient and future-ready. Its programs always focus on the next frontier of growth in industry and currently straddle across Analytics, Data Science, Big Data, Machine Learning, Artificial Intelligence, Deep Learning, Cloud Computing and more. Great Learning uses technology, high-quality content, and industry collaboration to deliver an immersive learning experience that helps candidates learn, apply, and demonstrate their competencies. All programs are offered in collaboration with leading global universities and are taken by thousands of professionals every year to secure and grow their careers.","Learn Data Science, Marketing, AI ML, Cloud Computing & More With 1000+ Courses.","1,000,000+",1000000,3781361,4.1,27194,64,False,Education,False,False,"Apr 22, 2015","1. Video player performance improvements
2. App performance improvements
3. UI/UX improvements
4. Minor Bug fixes"
12,Cursa - Online courses,"Learn with 1100+ free online video courses with a certificate of completion, as well as exercises, discussion forums, articles, text courses and much more for your learning quickly and practically.

- About the Certificate
It is possible to issue a Valid Certificate, which is saved to your image gallery and also sent to your email upon completion of the free course.

- Online Video Courses + Exercises
As you learn, your progress in the online course is automatically saved, whether in the video lessons of video courses or in text courses, in addition, in the course itself you can find exercises to train your knowledge, a forum for questions and additional resources such as handouts or some attachment related to the course.
We have free online courses for you to learn in the following areas:


Online INFORMATION TECHNOLOGY courses

Web development, App development, Basic informatics, Database, Multiplataform programming, IT Tools, Game development, Office pack, Networks and Infrastructure, Software testing, Artificial intelligence, Hardware and OS, Backend development and Programming Logic.


Online LANGUAGES courses

English, French, Spanish, Japanese, Chinese / Mandarin, German, Russian, Italian, Portuguese, Polish, Sign Language and Korean.


Online BASIC STUDIES courses

Algebra, Grammar, Physics, Biology, History, Economics, Logical reasoning, Literature, Sociology, Geography, Calculus, Statistics, Chemistry, Geometry, Trigonometry, Philosophy.


Online MANAGEMENT AND BUSINESS courses

Management, Entrepreneurship, Marketing, Human resources, Investments, Corporate finances, Purchasing management, Political, Sales, Accounting and Project Management


Online PROFESSIONALS courses

Electrician, Journalism, Mechanical, Culinary, Sewing, Car maintenance, Woodworking, Logistics, Construction, Barbershop, Crafts, Mobile phone repairs and Welding.

Online HEALTH courses

Nutrition, First aid, Anatomy and Physiology, Physical education, Psychology, Physiotherapy, Nursing and Pharmacology.


Online ART and DESIGN courses

Image editing, Drawing and Painting, UX User experience, Interior Design, Video Edition, 3D modeling, Digital illustrations.
 

Online INSTRUMENTS AND VOCAL courses

Guitar, Piano, Electric guitar, Drums, Violin, Bass, Flute, Saxophone, Sing


OTHERS online courses

Magic and Hypnosis, Photography, Youtuber, Esthetics, Games, Massage, Astrology, Sports, Astronomy, Politics, Theater and Robotics.


All these courses you can choose by categories, featured courses, best courses, by careers, by subject, by teacher or search by name.

- Knowledge Challenges
Want to test your wisdom? You can take the knowledge challenges, choosing by categories, subcategories or general and random subjects to receive your final score at the end!

- Earn coins and achieve achievements! 
As you progress through courses or by answering exercises correctly, you can accumulate coins and climb our rankings, where prizes will be periodically offered to users with the highest scores, all being disclosed on our social networks!

- Night mode
You can use night mode for better viewing at night or in low light environments.

- Careers
They are a set of courses listed in order of learning, so you can start learning something from the basics and get to the advanced.

- And more...
Articles to Read, Content Stories and Tips.","+1100 Online courses with certificate, exercises and articles for you to study","1,000,000+",1000000,4553378,4.625,59406,310,True,Education,True,True,"Feb 13, 2017","Improvements in the registration and login flow, Inclusion of an infinite list of courses on the home screen, in categories and subcategories + filters and sorting of courses, Inclusion of stories in categories and subcategories, with content according to the subject of the courses, Inclusion of option digital signature on course completion certificate, Changes to text courses to allow them to be displayed through images, and Usability and design improvements."
13,upGrad-Online Learning Courses,"Right from MBA, M.Sc., or other PG degrees, to Bachelor's degrees, the upGrad app has it all! Explore programs in the field of Management, Data Science, Machine Learning, Software Engineering, Digital Marketing, SEO, Blockchain, Analytics, Product Management, Big Data, and more. Interact with professionals, master Kaggle competitions, network with like-minded professionals, all of it, in one app! 

üìà Supercharge your data science skills - Data science algorithms, Data Science Certificate course, Data Science full course, Data Science for beginners, and Data Science Interview questions. Meet the best Data Science Community! 

AI & Blockchain Courses: has a wide range of Artificial Intelligence ü§ñ free courses and interview along with ‚õìÔ∏è Blockchain course  and Blockchain tutorial. 

‚úîÔ∏è Digital Marketing Collection - Whether you are looking for digital marketing for beginners, or digital marketing full course - we have a solution for you. Complete and get a digital marketing certificate and get access to digital marketing interview questions.

üñ• Learn Product Management, Machine Learning with Python, Machine Learning with R, Machine Learning and Deep Learning. Everything - right from, machine learning for beginners to advanced machine learning tutorials are on upGrad., 

üßëüèª‚Äçüíª Level up your career skills with software engineering interview questions, various software development courses, build full-stack app. 

üí° Management Courses - Get access to a wide range of MBA courses and MBA interview questions. upGrad makes online learning easy and convenient and there‚Äôs a lot of free material to explore!

The upGrad app lets you connect and engage with industry professionals, teachers, and fellow students, allowing you to enhance your knowledge, expand your network, and explore various opportunities. You can also apply for our Data Science and Big Data Analytics, Machine Learning, Management, Software Engineering Courses, and get free career counseling.

‚úÖ Why upGrad?

Stay ahead in your career with programs from top universities like IIT Madras, Liverpool Business School, Duke CE, MICA, and More.
Engage with industry experts closely
Get Placement support
1-on-1 mentoring from industry experts
Explore career paths in great detail
Upskill yourself with best programs
Thrive in the industry of your choice

ü§î How does our placement support stand out?

‚úîÔ∏è Exclusive opportunities on our job portal
‚úîÔ∏è Dedicated career coaches to help you find the best opportunities
‚úîÔ∏è Career fairs & hackathons to learn real industry problems
‚úîÔ∏è Networking sessions allowing access to an illustrious alumni base from fortune 500 companies
‚úîÔ∏è Just-in-time interviews to help you prepare a day prior to the actual interview
‚úîÔ∏è 300+ Hiring partners
‚úîÔ∏è 52% average hike
‚úîÔ∏è 3X increase in interview opportunities
‚úîÔ∏è Our alumni work in companies such as Amazon, Adobe, Microsoft, Flipkart, IBM, Visa, ESPN, Ola, Swiggy, etc.

upGrad provides online programs that are in-demand, delivered in an extremely disruptive environment. We offer the best online programs for individuals looking to stay sharp in their professional lives in domains that are up-and-coming, including Entrepreneurship, Artificial Intelligence, Blockchain, Data Analytics, Digital Marketing, Product Management. Our online programs are designed keeping ambitious people in mind who believe that learning is lifelong.

Merging the latest technology, pedagogy, and support services, we have created a digital-first learning experience. We have collaborated with industry leaders to create programs that are rigorous, engaging, and industry-relevant. Our learning environment is designed to foster active learning and peer-to-peer collaboration. We also have dedicated teams to provide academic and non-academic support to guide learners through the entire journey, even after program completion, and ensure end-to-end support.",Courses by Industry experts ü§ì to help you Upskill üíª and get your Dream Role,"1,000,000+",1000000,4077471,4.49,25048,20,False,Education,False,False,"May 4, 2016","Introducing academic planner, an all-in-one tool for achieving your learning goals! 
Now apply to a limited number of jobs each month. This reduces the number of applications and boosts your chances of being shortlisted."
14,Study.com - Online Courses,"The Study.com app will help you learn any academic subject on the go. Our short, fun video lessons, taught by expert teachers, provide homework help for difficult topics from your classes with easy-to-understand examples and animations. Become a member to ace your next test with Study.com‚Äôs online courses and test prep.

<b> Learn Anything:</b>
‚Ä¢‚ÄÉExplore over 35,000 educational video lessons from Study.com
‚Ä¢‚ÄÉBuild confidence for test day with SAT and ACT prep 
‚Ä¢‚ÄÉAchieve any academic goal ‚Äì from finding homework help to taking online courses for college credit 


<b>Learn Anywhere:</b>
‚Ä¢‚ÄÉDownload video lessons to your phone to watch offline
‚Ä¢‚ÄÉStudy 5-10 minute videos at home, at school, or on your commute
‚Ä¢‚ÄÉTrack progress on all your devices ‚Äì your scores and progress sync between the app and Study.com

<b>Learn at Your Pace:</b>
‚Ä¢‚ÄÉFocus on the material you struggle with using self-paced online courses
‚Ä¢‚ÄÉText transcripts help you review tough subjects like math and science
‚Ä¢‚ÄÉRetake quizzes as many times as you like and study answer explanations


Browse thousands of courses in subjects like:
‚Ä¢‚ÄÉMath: Algebra, Geometry, Calculus, and Trigonometry 
‚Ä¢‚ÄÉScience: Biology, Chemistry, Physics, and Nursing
‚Ä¢‚ÄÉHistory: World History, US History, and Western Civ
‚Ä¢‚ÄÉEnglish: Grammar, Reading, Writing, and Literature
‚Ä¢‚ÄÉFTCE General Knowledge Test Prep, CSET Test Prep
‚Ä¢‚ÄÉMath 101, Chemistry 101, Accounting 101, and Biology 101
‚Ä¢‚ÄÉPsychology, Business, Social Science, and more!

Currently, you must join Study.com's paid membership to access all the benefits of the Study.com app. With a membership, you gain access to our entire library of resources for students of all levels: K-12, high school, college, and beyond. Whether you are looking for SAT or ACT prep, homework help, or teacher resources, Study.com has the tools to help you reach your educational goals.

Visit Us: http://study.com/","Learn math, science, history & get homework help with Study.com's video lessons","100,000+",100000,483283,4.241071,2628,937,False,Education,False,False,"Aug 3, 2016","We are always working hard to improve things at Study.com!
This update includes performance & stability updates to improve the app user experience.
If you enjoy using Study.com, please rate us and review us.
If you have any comments or questions, please email support@study.com - we love to hear what you think!"
15,Wondrium - Learning & Courses,"Wondrium is a place where you can let your mind go. Wondrium provides an expansive collection of educational videos to help you learn about new topics. Learning new topics has never been easier.

Wondrium offers thousands of new online learning experiences, providing videos, documentaries, lessons, series, and more. With topics spanning across math, science, history, biology, crafts, art, music, personal development, chemistry, foreign language, English, French, Spanish, German, and other categories, you‚Äôll have vast opportunities to learn what you love and love learning about it.

All our educational streaming videos are academically comprehensive, relentlessly entertaining, and led by engaging experts. If you‚Äôve ever wondered about anything, Wondrium will be your new favorite place to go. With amazing content partners like Intelligence2, CLI Studios, Commune, Craftsy, Magellan, Kino Lorber and many more, you‚Äôre sure to find content that fits your interests.

Whether you‚Äôre a beginner in a subject or advanced in your knowledge and skills, whether you want to begin binge-learning deeply on one topic or sample a few select categories, there‚Äôs something here for you. Whether your interest is watching documentaries; discovering the latest breakthroughs in science, math, biology, or chemistry; or learning photography, piano, knitting, painting, French, Spanish, German, or anything in between, there‚Äôs something here for you.

If you already have a Wondrium account, you can sign in and start enjoying Wondrium right away.

If you don't already have an account, you can register and subscribe right in the app. With a subscription, you can access thousands of educational videos online and offline for one low price.

This app works best on OS 8.0 and higher.

Subscription Details
Wondrium offers Monthly and Annual Subscriptions. A Free Trial is available.

Payment Details:
- Payment will be charged to your Google Play Account at confirmation of purchase
- Subscription automatically renews unless you cancel at least 24 hours before the end of the current period
- Your account will be charged for renewal within 24 hours prior to the end of the current period
- Subscriptions may be managed or cancelled by accessing your Google Play account
- If you cancel during a free trial period, you will have access until the end of the trial period.

Privacy Policy: https://www.wondrium.com/privacy
Terms of Service: https://www.wondrium.com/tos",Stream educational videos and audio content led by engaging experts!,"500,000+",500000,882692,3.5316455,3517,1152,True,Education,False,False,"Aug 2, 2015","‚Ä¢  6.2.1 Update
‚Ä¢  Minor bug fixes"
16,Domestika - Online courses,"Join Domestika, one of the fastest growing creative communities, where the best experts and creatives share their knowledge and skills through professionally produced courses. Join 8 million creatives to get started or specialize in your creative discipline or favorite hobby.

Explore all the different creative categories and find the perfect course. Watch videos online or download them to watch them whenever and wherever you want, even if you aren‚Äôt connected to the internet. Choose the language of the audio and subtitles (they‚Äôre available in Portuguese, English, Spanish, German, French, Italian, Polish, and Dutch). Participate in the course community and look at other students‚Äô projects. Create lists to save courses for later.

If you‚Äôre a Domestika Plus member, you can use your credits to unlock courses directly in the app. You can also see how many credits you have and when they expire.

What it‚Äôs like to learn on Domestika:

- Learn and share at your own pace: join online courses and enjoy them whenever and wherever you want. Download and watch them even when you‚Äôre not connected to the internet.

- The best professionals: learn techniques, methods and tips explained step by step, by expert teachers who will give you a professional perspective in each lesson.

- Professionally produced courses: a professional team produces the courses to give you the best learning experience. Videos are high-quality and you have unlimited access to watch them as many times as you want.

- Creative community: join more than 8 million creatives from around the world. Ask questions, get feedback, and offer solutions. Share your learning experience with other students who are passionate about creativity.

Find the best online courses about:

- Illustration: learn with online courses about watercolor techniques, chinese ink, Adobe Photoshop, Procreate, Illustrator, vector illustration, portraits, botanical illustration, and children‚Äôs illustration.

- Photography & Video: explore courses about editing, post-production, retouching, studio photography, product and fashion photography, Lightroom, Premiere, Premiere Pro or DaVinci Resolve.

- Design: develop your skills with courses about logo design, branding, editorial design, art direction, InDesign and more.

- 3D & Animation: discover 3D lettering animation, video game programming with Unity and Unreal Engine, VFX, ZBrush, Cinema 4D, Blender, Autodesk Maya and After Effects.

- Craft: explore the world of artisanal crafts with online courses about sculpture, modeling, creative ceramics, papercraft, screen printing, needle felting, amigurumi, macram√©, collage, and more.

- Marketing & Business: give your career a boost with online courses about branding, digital marketing, advertising creativity, project management, email marketing, community management, social media, etc.

- Calligraphy & Typography: online courses about lettering, typography, sign painting, calligraphic logos, English and Japanese calligraphy, typography animation, and graffiti.

- Web & App Design: online courses about website development, application programming, responsive web design, augmented reality with HTML5, CSS, WordPress, MailChimp, Sketch, Adobe XD.

- Architecture & Spaces: discover online courses about interior design, architectural visualization, infographics, graphic representation and digital illustration for projects, AutoCAD and SketchUp, among others.

- Music & Audio: learn everything related to sound with courses about sound design, musical production and post-production, Ableton, Pro Tools, DJ, music videos, voice-over narration, percussion, podcasting, and more.

- Writing: learn about this discipline with online courses about copywriting, novels, children‚Äôs stories, narrative writing, scripts, storytelling, blogs‚Ä¶

- Fashion: explore online courses about jewelry, crochet, fashion design, makeup, pattern-making, handbags, embroidery, prints, and more.","Learn illustration, design, photography, craft, calligraphy, typography, & more","1,000,000+",1000000,2429534,4.740909,59668,452,True,Education,False,False,"Feb 15, 2019","Thanks for being a part of the Domestika community!

This update includes performance improvements to make your learning experience even better.

Please update the app."
17,Vedantu Live Learning App,"<b>Vedantu: The Live Learning App for students. Learn from India‚Äôs Best Teachers from the comfort of your home.üì±</b>

Vedantu is the pioneer of LIVE Online learning in India and has redefined online education since. In these difficult times, our aim is to ensure that learning is not interrupted for students. <b>You can now avail Free Access to all LIVE Classes and Premium Content for Grades 1-12, CBSE, ICSE, Boards, KVPY, NTSE, IIT JEE & NEET, for up to 30 Days.</b>

Get Unlimited Access to all courses, Test series, Online study material, Assignments, LIVE In-Class Doubt Solving & lots more, Absolutely FREE.

<b><i>Now learn uninterrupted from the safety of your home on India‚Äôs best learning App</i></b>

<b>What makes Vedantu unique?</b>

üíª Vedantu‚Äôs comprehensive & interactive LIVE Classes are specially designed for students to make their learning fun, interesting & personalized. The LIVE Learning App offers a one-of-a-kind interactive experience to students using a real-time learning platform named <b>WAVE</b>, a technology built in-house.

üí≠With Vedantu- the free learning App, experience <b>Unlimited In-Class Doubt Solving</b>, where the student can get his doubts solved instantly in the LIVE Class.
 
üéÅ<b>LIVE In-Class Quizzes</b> makes learning fun & the Real-Time Leaderboard pushes children to outdo themselves & perform better.
 
The LIVE Learning App offers Free Classes, Online Study, Test Series, Assignments & Study material for test preparation for CBSE, ICSE & State Boards. Chapter-wise NCERT Solutions for Maths & Science, Detailed Syllabus, Previous-Year Papers, Sample Papers, Revision notes, Formula sheets & lots more for class 6, class 7, class 8, class 9, class 10, class 11, class 12 & droppers, IIT JEE crash course, NEET crash course, NDA crash course as well as long term courses.

App Features: üìöüíª
 
<li><b>üë©‚Äçüè´Learn from India‚Äôs Best Teachers:</b> Vedantu‚Äôs LIVE Online education ensures that every student of Grades 1-12, CBSE, ICSE, State Boards, IIT JEE & NEET receives personalized attention. The courses are conceptualized & designed by India‚Äôs Best Teachers, hailing from IITs & other top Educational Institutions. Take free classes on India‚Äôs Best online education App</li>
 
<li><b>üìùComplete Exam Preparation:</b> Get NCERT solutions for class 6, class 7, class 8, class 9, class 10, class 11 & class 12, Previous year question papers with answer keys for CBSE Class 10, CBSE Class 12, ICSE, IIT-JEE Main, JEE Advanced, NEET, KVPY, NTSE, KCET & other competitive exams in the Vedantu study app. Also get Sample papers for CBSE & ICSE, Revision notes, important questions, online study material, Math formula sheets & solutions of RD Sharma, RS Aggarwal, HC Verma & Lakhmir Singh, JEE Main Mock tests, JEE Advanced Mock Tests & lots more for Free!</li>
 
<li><b>üéÅPlay LIVE Interactive VQuiz:</b> A unique feature of the Vedantu Learning App is the LIVE VQuiz that takes place every day. Play the fun real-time quiz with the entire nation & win amazing prizes</li>
 
<li><b>üèÜProven Record of Excellence:</b> Vedantu LIVE Learning App has a record of mentoring excellence in CBSE, ICSE, State Boards, IIT JEE, NEET, KVPY & other exams. 14 Vedantu students have got Top 100 Category Ranks in JEE Main 2020 & a whopping 69% of our students scored more than 90% in Grade 12 Boards, 2020</li>
 
Preparing for <b>IIT JEE, JEE Main & JEE Advanced, NEET, KVPY, NTSE, Boards Exam, NDA, Olympiad</b>? Take free classes & learn LIVE Online from the safety of your home on <b>India‚Äôs Best Education App!üéì</b>
 
<b>Follow Us-</b>
 
Facebook: https://www.facebook.com/VedantuInnovations
Twitter: https://twitter.com/vedantu_learn
YouTube: https://www.youtube.com/user/VedantuInnovations
Instagram: https://www.instagram.com/vedantu_learns/?hl=en
 
Vedantu learning app has won <b>User Choice - Best App Award 2019</b> in the Everyday Essentials category by Google. Vedantu is also the winner of the coveted <b>Economic Times Startup Award - 2020!</b>","Education App for Students: Live classes, Class 1-12,JEE, NEET,NCERT Solutions","10,000,000+",10000000,44716372,3.98,373926,223,False,Education,False,False,"Mar 8, 2019","Our latest update brings a host of performance enhancements and our all new user interface to ensure a seamless and delightful experience across our app.
Updated Homepage - simplifies your learning journey and makes finding learning content a breeze.
Fully packed content library - lets you browse and attend free LIVE and recorded classes and 5 min concept videos by subject, chapter, and topic.
Instant doubt solving - just click a photo of your doubt and find solutions instantly."
18,Shaw Academy - Online Courses ,"""Shaw Academy is an online learning and education platform offering certification courses taught by expert instructors. Take online courses in anything from photography and photoshop to English learning to graphic design courses to nutrition courses. Advance your career and gain an online certificate by mastering subjects across domains like financial trading, business, english learning, coding, and web design.

We offer a 4-week free online course trial for all subjects taught by expert professionals. Advance your career through a wide range of classes offered via the Shaw Academy online learning app:

Photography Courses: Online Photoshop, Video Editing and Production, Adobe Lightroom, iPhone & Android Photography, Wedding Photography

Marketing Courses: Digital Marketing, Social Media Marketing, Creative Writing, Blogging & Content Marketing, Viral Marketing, SEO

Design Courses: Graphic Design, Fashion Design, Interior Design, Painting, Budget Graphic Design, Jewellery Design
	
Business Courses: Leadership & Management, Project Management Certification, Data Analytics, Excel, Bookkeeping & Accounting, How To Start A Business, Sales & Business Development, Probability & Statistical Analysis

Finance Courses: Financial Trading & Investment, Gold Trading, Commodities Trading, Share Trading, Stock Trading, Financial Planning, Cryptocurrency

Health & Wellness Courses: Online Human Nutrition, Sports Nutrition, Meal Planning & Food Science, Mindfulness & Meditation, Alternative Therapies, Personal Trainer Certification, Life Coaching, Psychology

Technology Courses: Coding & Computer Science, Web Design, Web Development, Computer Science, Game Development, Database Development, Mobile App Development
	
Beauty Courses: Beauty Therapy, Makeup & Nail Art, Image Consultancy

Arts & Hobbies Courses: Painting, Cooking & Baking, Knitting, Dog Grooming, Wine Appreciation, Crystal Healing, Acting & Theatre, Floristry

Receive accredited online certification from Shaw Academy on completion of your course. Learn from top instructors in an engaging learning experience. Use the online courses to advance your career or to take up a new hobby.

A couple of key highlight features of Shaw Academy‚Äôs online education & learning platform include:

Interactive Webinars
Our industry leading expert educators ensure your interactive lessons have the latest, most relevant, engaging content to keep you ahead of the game. Stream lecture videos online anytime.

Gain Your Diploma
Complete your course and gain an Accredited Diploma. Excellent for CV, Resume or simply hanging on your wall.

24/7 Student Support
We provide support on all our interactive webinars to ensure no question goes unanswered. Attend live, ask questions, truly learn.

Your Shaw Academy membership may start with a free online course trial. No credit card or payment details are required for the free subscription trial.

The free trial period of your membership lasts for 30 days, unless otherwise specified, from the start of the lesson you are enrolled in, or as otherwise specified during sign-up and is intended to allow new members and certain former members to try the service.

Premium subscription plans will allow you to:
‚Ä¢ Access all courses
‚Ä¢ Attend Interactive Webinars & access recordings
‚Ä¢ Access Weekly Assignments
‚Ä¢ Access toolkits, final assignment, and e-diploma

Earn an online certification for the course of your choice.

Get to Know Us: http://www.shawacademy.com/

Like Us on Facebook: https://www.facebook.com/shawacademy

Privacy Policy: https://www.shawacademy.com/privacy/""","Free online courses in photography, design, nutrition. Accredited certification.","1,000,000+",1000000,3186013,3.775,53997,3187,False,Education,False,False,"Jun 6, 2017","*- Check out our new Watch Now feature where you can now watch your next lesson at any time! If you wish to speed up your learning you may watch lessons back to back and move at a pace that suits you!
*- Gain access to our wide variety of faculties by upgrading your account now!
*- App optimisations & Bug fixes"
19,ONLINE SCHOOL EDUCATION,"ONLINE SCHOOL EDUCATION is an online platform for managing data associated with its tutoring classes in the most efficient and transparent manner. It is a user-friendly app with amazing features like online attendance, fees management, homework submission, detailed performance reports and much more- a perfect on- the- go solution for parents to know about their wards‚Äô class details. It‚Äôs a great amalgamation of simple user interface design and exciting features; greatly loved by students, parents, and tutors.",Connect with ONLINE SCHOOL EDUCATION in an efficient and transparent manner,"10,000+",10000,22998,0.0,0,0,False,Education,False,False,"May 12, 2021",
20,Kahoot! Play & Create Quizzes,"Play engaging quiz-based games (kahoots) at school, at home and at work, create your own kahoots and learn something new! Kahoot! brings the magic of learning for students, teachers, office superheroes, trivia fans and lifelong learners. 

Here‚Äôs what you can do with the Kahoot! app, now available in English, Spanish, French, German, Italian, Brazilian Portuguese and Norwegian:

Students
- Join kahoots hosted live - in class or virtually - and use the app to submit answers
- Complete self-paced challenges
- Study at home or on the go with flashcards and other study modes
- Compete with friends in study leagues
- Challenge your friends with kahoots you found or created
- Create your own kahoots and add images or videos
- Host kahoots live for family and friends directly from your mobile device

Families and friends
- Find a kahoot on any topic, fit for any age
- Host a kahoot live by casting your screen to a big screen or screen share via video conferencing apps
- Engage your kids with studying at home
- Send a Kahoot! challenge to family members or friends
- Create your own kahoots and add different question types and image effects 

Teachers
- Search among millions of ready-to-play kahoots on any topic
- Create or edit your own kahoots in minutes
- Combine different question types to increase engagement 
- Host kahoots live in class or virtually for distance learning
- Assign student-paced challenges for content review
- Assess learning outcomes with reports

Company employees
- Create kahoots for e-learning, presentations, events and other occasions
- Encourage audience participation with polls and word cloud questions
- Host Kahoot! live in person or in a virtual meeting
- Assign self-paced challenges, for example, for e-learning 
- Assess progress and results with reports

Premium features:
Kahoot! is free for teachers and their students, and it‚Äôs our commitment to keep it that way as part of our mission to make learning awesome. We offer optional upgrades that unlock advanced features, such as an image library with millions of images and advanced question types, such as puzzles, polls, open-ended questions and slides. To take advantage of these features, users will need a paid subscription.
 
To create and host kahoots in a work context, as well as get access to additional features, business users will need a paid subscription.","Create and play learning games at school, at home or at work!","50,000,000+",50000000,62259618,4.6685534,550162,14162,True,Education,False,False,"Nov 1, 2012","Now available in Swedish, in addition to English, Spanish, French, Brazilian Portuguese, German, Italian, Japanese, Dutch, Turkish, Polish, Ukrainian, Arabic, Simplified and Traditional Chinese, Korean and Norwegian."
21,Noon Academy,"Noon Academy is a free online education app for students, where you can attend live classes and find teachers easily! 
As Noon is an e-learning interactive classroom app, you will be able to learn with people you like ‚Äì your friends and teachers ‚Äì using fun quizzes, practice questions, informative learning material, and much more. 

<b>Interactive group for online learning:</b>
During your online classes, take a breakout with your friends into groups and work with your group to learn better and ace your tests. 

<b>World's, Best Teachers:</b>
We have the best teachers from across the world and also from your school. Noon is an application for online learning with professional teachers.

<b>Ultimate Teacher's Assistant Tool for E-learning:</b>
Noon provides teachers with tools for online teaching, it is an online study app for teachers with video streams online, and high-quality videos with interactive classrooms.

<b>E-learning, Interactive Classroom App:</b>
Attend live classes, participate in live chat with your teacher and your friends, and get your doubts cleared ‚Äì all during the class. Noon is the best free online education platform with interactive classrooms.

<b>Engage in a friendly competition:</b>
Noon provides students with scored online exams! Challenge your friends to online quizzes and competitions, solve questions, and see who ends up on the top of the leaderboard. You can boast about it at school. 

<b>All grades, One app: </b>
Noon Academy is an e-learning and education platform for secondary school, primary school, and high school. All students can enjoy a free online education platform for home tutoring and online learning with noon academy. 

<b>All of your friends are here:</b>
Noon provides you with student applications to study online with professional teachers and online exams with grades for students. Work on homework assignments and projects with your friends, communicate with them in real-time, collaborate with them, post doubts, write answers to your friends' questions, and learn together.

<b>Learn online wƒ±th video: </b>
Noon Academy helps teachers explain videos in high-quality and interactive classrooms. Through different course types and daily exercises, students can learn online with teachers through videos. 

<b>Revise:</b>
Noon Academy provides the ability to make online exams for students online, whether you need to practice problems, or prepare for a test, or you missed the class. We have recorded lessons for you to revise whenever you want.

<b>Practice:</b>
Noon Academy is considered to be a studying tool for students to learn online by practicing. Solve lots of questions and revise concepts using the practice sets created by the best secondary school online teachers, primary school online teachers, and high school online teachers.

<b>One app to learn it all:</b>
Noon Academy is the best tool for online education, we have online teachers for secondary, and primary school teaching in interactive classrooms with the most efficient tools for teachers and students in e-learning. This fact makes Noon the best free online education platform for home tutoring and online learning.",Learn from the best teachers with your friends ‚Äì grades 7 to 12 and university,"10,000,000+",10000000,20906075,3.972477,106667,484,True,Education,False,False,"Mar 12, 2017",
22,Brilliant,"**Featured in The Atlantic, The New York Times, NPR, and more.**
Brilliant creates inspiring, interactive learning experiences for ages 10 through 110. Award-winning teachers, researchers, and professionals illuminate the soul of math, science, and computer science through fun, bite-sized problem solving explorations.

Brilliant‚Äôs entertaining and educational course library is great for beginners, and also includes intermediate and advanced topics for professionals and lifelong learners. You‚Äôll take a guided tour through an interactive exploration of concepts and principles.

Join over 10 million problem solvers on Brilliant, and...

1. LEARN TO THINK
Whether you want to hone your quantitative skills, improve your knowledge of science and technology, be a smarter parent for your inquisitive kid, or simply stay sharp, Brilliant helps you grow as a curious and ambitious person.

2. BECOME A BETTER PROBLEM SOLVER
Brilliant‚Äôs approach to learning is active, not passive. Through active problem solving, Brilliant helps you build your quantitative intuition. Learn frameworks for thinking and solving challenging problems, instead of memorizing formulas.

3. ENJOY NEW CHALLENGES EVERY WEEK
With free, curated weekly problems, you can gain timeless knowledge and flex applied problem solving skills in bite-sized sessions. Stay fresh and discuss your favorite solutions with an engaged community of lifelong learners.

Brilliant requires Android version 4.1+. Send feedback to android@brilliant.org.

VISIT US: https://brilliant.org
LIKE US: https://facebook.com/brilliantorg
FOLLOW US: https://twitter.com/brilliantorg",Math and science done right,"1,000,000+",1000000,4207998,4.519355,75907,3786,True,Education,False,False,"Mar 21, 2014","Change is good. Especially when it includes these improvements:

- Our app now has full Android 13 support.
- To report a bug, you can now just shake your device or tap the question mark in a lesson.
- Speaking of bugs, we fixed a few that made the progress spinner not appear when loading lessons, and fixed some lesson progress bugs with split screen."
23,Pluralsight Skills,"Pluralsight is the technology skills platform to build in-demand tech skills with access to thousands of expert-led videos courses, downloadable content, certification prep, and more. Explore online courses in: 

Software Development: 
      ‚Ä¢  Learn programming in C++, C#, Java, JavaScript, Python, React,  and more. 
      ‚Ä¢  Master mobile development with Swift for iOS development and Kotlin for Android development. 
      ‚Ä¢  Understand web development best practices with HTML, CSS, .NET, Angular, Node.js, and more.    

Cloud Computing: 
      ‚Ä¢ Pluralsight partners with AWS, Microsoft Azure, and Google Cloud to create online courses. 
      ‚Ä¢ Gain tech skills for cloud app development, cloud infrastructure, cloud security, cloud fundamentals, cloud AI and data, SaaS platforms, and more.

AI and Machine Learning: 
      ‚Ä¢ Understand the fundamentals of artificial intelligence and enhance your machine learning literacy. 
      ‚Ä¢ Build artificial neural networks (ANNs). 
      ‚Ä¢ Get started with machine learning libraries such as Tensorflow and build deep learning solutions with PyTorch.
      ‚Ä¢ Leverage R and understand data mining with Python. 

Information Security + Cybersecurity: 
      ‚Ä¢ Gain security skills with incident response, penetration testing, security compliance, digital forensics, malware analysis, security certifications, and more.

Data: 
      ‚Ä¢ Understand Big Data fundamentals, data analysis, Business Intelligence, and data visualizations.
      ‚Ä¢ Use Hadoop, SQL, and more.

IT Ops:
      ‚Ä¢ Prepare for certifications with courses on IT certifications.
      ‚Ä¢ Gain tech skills for Windows Server, PowerShell, Docker, Linux, database administration, IT networking, security, virtualization, and more. 

And more: 
      ‚Ä¢ Business professional courses on Agile, project management, PMP, Office 365, and more. 
      ‚Ä¢ Creative, manufacturing and design, architecture and construction on topics like Maya, Revit, CAD, 3ds Max, more. 

TAKE YOUR LEARNING ON THE GO (NO WIFI NECESSARY!)üì±üîñ
Learn anytime, anywhere with mobile apps, downloadable courses, and offline viewing. Not sure what to learn? Bookmark courses via your mobile device and come back to them later‚Äîno matter the device bookmarked courses and progress syncs across devices. Pluralsight‚Äôs suite of native apps enables you to learn on the go and without wifi with seven different applications: 
      ‚Ä¢ Desktop: Mac + Windows
      ‚Ä¢ Mobile: iOS + Android
      ‚Ä¢ TV: Amazon Fire TV, Apple TV, Chromecast

LEARN FROM TECH EXPERTS FROM AROUND THE GLOBE ü§ìüåé
Keep your skills up-to-date with access to 7,000+ technology courses authored by an elite, global network of technology experts like Simon Allardice, Scott Allen, Janani Ravi, John Papa, Deborah Kurata, and more. Pluralsight partners with Microsoft, Google, AWS, and other tech industry giants to deliver the most relevant content on today‚Äôs in-demand technologies. 

ORGANIZE LEARNING AND REACH GOALS FASTER üìÅ‚ö°
Our expertly curated paths ensure you learn the right skills in the right order, and channels allow you to organize, curate, and share the content that‚Äôs most important to you‚Äîall so you can reach your goals faster.

CHECK YOUR SKILL DEVELOPMENT PROGRESS ‚úÖ üí°
Wondering if what you‚Äôre learning has stuck? Find out with in-course learning checks! Try it out by taking a course and doing a learning check!

GET INSPIRED WITH ACCESS TO TECH CONFERENCES üåêüëè
Tune into some of today‚Äôs most in-demand conferences like Microsoft Ignite, THAT Conferences, DEVintersection, Pluralsight LIVE, and more!

VALIDATE SKILLS AND SAVE WITH CERTIFICATION PREP üíØüìù
Prepare for and pass your IT certification exams with unlimited access to industry-leading certification content. Certification paths include: 
      ‚Ä¢ AWS 
      ‚Ä¢ Azure
      ‚Ä¢ Office 365
      ‚Ä¢ CompTIA
      ‚Ä¢ Ethical Hacking + Security (SSCP¬Æ, CCSP¬Æ, CISSP¬Æ)
      ‚Ä¢ VMware
      ‚Ä¢ And more!","Online courses on software development, machine learning, cybersecurity & more","1,000,000+",1000000,1455384,4.5801687,18820,1940,True,Education,False,False,"Apr 17, 2011",- Some minor improvements to make your Pluralsight experience even better.
24,Unacademy Learner App,"<b>Embark on the journey to crack your dream exam!</b> 
 
 At Unacademy,<b> India‚Äôs largest learning platform</b>, we always strive to work hard to make your learning experience better. We aim to change the way India learns, one Live Class at a time. 
 
 With the all new <b> Unacademy Learner App</b>, explore a whole new way of cracking your dream exam! Prepare for <b>IIT, JEE, NEET UG, CAT, SSC Exams, State PSCs,</b> other competitive exams and <b>CBSE Class 6 - 12 with India‚Äôs Top Educators.</b> Take <b>Live Classes, Test Series, Doubt Solving Sessions, Batch Courses</b> and <b>learn for 100+ subjects </b>from the comfort of your home!

From concepts to cracking it, the <b>Unacademy App</b>  is a one stop solution for all your learning needs. Today, choose <b>learning with Unacademy</b> by taking <b>Free Live Classes</b> and take a step towards success. <b>Attempt Free Mock Tests and stand a chance to win scholarships! </b>

What are you waiting for? <b>Download the App</b> and get started now!

 <b>Unacademy in Numbers:</b> 
<b>
‚úîÔ∏è 59M+ Learners impacted 
‚úîÔ∏è 130k+ Live Classes launched  per month
‚úîÔ∏è 58K+ Registered Educators on the platform 
‚úîÔ∏è 2.6K+  Free Live Classes conducted everyday
 ‚úîÔ∏è 2.7Bn+ Total minutes of videos every month</b>

<b> Features of the New Unacademy App</b>

The Unacademy App enables you to get unlimited access to <b>Courses, Live Classes, Mock Tests, Quizzes</b> and <b>more</b>.

Here are some of the <b>top features</b> that you can unlock to crack your exam: 

<b>üóìÔ∏è All New Planner: </b>With Planner, you can now easily access your plan of the day. Missed, watched and upcoming classes are easily accessible. A simple scroll up will enable you to see your past classes.

<b> üñ•Ô∏è Interactive Live Classes:</b> Attend Live Classes, participate in the Live Chat and get your doubts cleared - all during the class. 

<b>‚ùì Ask Your Doubts:</b> Get all the doubts answered at the tip of your fingers. Click a screenshot/photo of the question and upload it. Your doubt will be answered shortly by Top Educators.

<b>üèÜ Compete within Groups: </b> As a learner on Unacademy, you can now compete weekly with your group members and also see what others are studying. You can also invite your friends to your group.

<b>‚è±Ô∏è Weekly Mock Tests and Quizzes:</b> Take full-length interactive mock tests and quizzes and be assured that your preparation is on the right track. 

<b>üôã Raise A Hand:</b> Talk to your Educators in Live Classes and get your doubts resolved in real-time.

<b>üí° Performance Statistics: </b> Analyse your performance in mock tests with a detailed report of correct and incorrect questions, topic-wise breakdown, percentile score and check your progress to be on track.

<b> ‚è≥ Practice Section:</b> Test your preparation topic-wise to be through with your concepts.

<b>üîî Never Miss A Class: </b>Get notified for lessons, upcoming courses and recommendations curated just for you. 

<b>üí¨ Batch Recommendations: </b>Enrol in batches of your preference while onboarding itself and start your learning journey immediately! These batches will cover your entire syllabus.

<b>
üìñ Lecture Notes:</b> Download lecture notes and get access to recorded sessions of Live Classes. Revisit important topics whenever you need.

<b>üíª Anytime, Anywhere:</b> Watch our classes, Live or recorded, anytime from any of your devices.

<b> Follow us </b>for more updates:

<b>Website:</b> https://unacademy.com
 
<b>YouTube:</b> https://youtube.com/unacademy

<b>Instagram:</b> https://instagram.com/unacademy

<b>Facebook:</b> https://facebook.com/unacademy","Interact with India‚Äôs Top Educators and take Live Classes, Mock Tests & Quizzes","50,000,000+",50000000,62602102,3.877193,994213,491,False,Education,False,False,"Feb 15, 2017","Challenge learners across the nation with Unacademy Compete

Here's what's in store for you
1:1 live question battles to know where you stand
Attempt questions from your syllabus
Unlock your rating and find your levels

Start competing, now!"
25,Sololearn: Learn to Code,"Learn to code for free with fun, bite-sized lessons. Choose from more than 20 programming languages, including Python, JavaScript, HTML, CSS, SQL, C#, Java, SWIFT, and C++. Each coding course is designed by expert programmers and tailored to your learning level. You even get a real code editor to practice! Whether you're new to coding or already a developer, freshen up your programming skills and level up your career with our coding academy.

Practice your coding daily with up-to-date content. Explore library of learning content for coding and get help from our community when you need it.  With 40 million programming students worldwide, there's always someone who can help you solve problems and delve into cool topics. Master algorithms and data structures, build software focused on machine learning, learn to interpret design patterns, and compete in fun coding games against other programmers.

PERSONALIZED CODING CONTENT TAILORED TO YOUR SKILLS
No matter where you are on your coding journey, Sololearn has got you covered. Whether you‚Äôre a beginner trying to develop your first JavaScript app and understand how databases work, or a coding pro who wants to deepen your knowledge of Python, C#, and C++, we have the course for you. Whatever your professional goals are, use our coding academy to learn at your own pace and focus on what you want to improve.

BITE-SIZED
Our programming courses break down complex concepts into short, simple lessons that take only a few minutes to complete. Once you learn the theory, you'll get hands-on practice with real-world exercises. Are you interested in Python, JavaScript, C+, or SQL? The code editor features these programming languages and more, so you can test and practice everything you learn. Test your knowledge with quizzes in each lesson and polish your skills with daily coding practice exercises and games. And when you want to speed up your learning, you can always go PRO!

24/7 FREE USER SUPPORT 
Do you have questions about Python, C++, HTML, SQL, Javascript, or another coding language? Constant community support and real-time notifications make learning to fun code possible.

KNOWLEDGE EXCHANGE
Want to share your expertise and boost your portfolio? Create lessons in Python, C++, Java, and other programming languages and become a community influencer with millions of followers.

EDIT CODE FROM YOUR PHONE
Our code editor lets you write code, run programs, and share ideas from your phone for free. You can practice in-demand coding languages in the world. Hone your coding skills in Python, Java, C+, HTML, CSS, C#, SQL, or Javascript.

GET YOUR PROGRAMMING CERTIFICATE
Take your first steps to become a developer or level up your career. Some Sololearners have become Cybersecurity experts, QAs, DevOps, and even started their own businesses! Earn a certificate for each course you finish, from Python or C+, to SQL or Machine Learning. Showcase your skills and share your Sololearn academy certificate on LinkedIn to uplift your career.

Sololearn makes learning to code‚Ä¶fun! Here are just some of the ways you can learn:
Access countless coding and programming courses
Learn with bite-sized lessons anywhere you are
Practice with games and real-world code challenges
Learn to code by running real code in our mobile code editor
Stuck? Get help from our coding community and join millions of coding experts anywhere, anytime
Create your first app with Objective-C and SWIFT
Develop an Android app with Java and Kotlin
Develop your first website with HTML5, CSS, JavaScript, React, and JQuery

Reach your goals with Sololearn, the way to learn to code.
-----
Tell us what you think at info@sololearn.com
Facebook: https://www.facebook.com/sololearn
Twitter: https://twitter.com/sololearn
Use Sololearn in the browser at https://www.sololearn.com

Everyone can learn to code. Start your tech career now with Sololearn.","Learn to code Python, C++, C#, HTML, CSS, SQL or JavaScript. Online Code academy","10,000,000+",10000000,14022691,4.5500565,579071,19929,True,Education,True,True,"Oct 25, 2016","Our team made bug fixes and improvements for you to enjoy coding.
Happy Learning!"
26,Epic: Kids' Books & Reading,"Epic is the leading digital reading platform for kids 12 and under! Our fun, kid-safe, interactive reading app fuels curiosity and reading confidence by letting kids freely explore their interests, with instant, anytime access to a library of thousands of books, audiobooks, learning videos and more.

Download the app today and choose which account is right for you.

FOR FAMILIES: EPIC UNLIMITED¬†

Epic Unlimited offers families:

- 40,000+ popular high-quality books to get them reading and learning anytime, anywhere
- Thousands of fun, interactive learning videos (and counting!)
- Audiobooks, Read-To-Me books, quizzes and Spanish-, French- and Chinese-language books
- Personalized recommendations based on reading level and interests
- 24/7 online access, as well as offline access for on-the-go reading
- In-app progress tracking and weekly progress emails
- Badges and rewards to keep them motivated

For just $9.99/month or $79.99/year, you can create up to 4 individual child profiles (and you can cancel at any time).¬†

FOR EDUCATORS: EPIC SCHOOL
Epic School is free for elementary school educators worldwide. Educators use our award-winning digital library to supercharge reading and learning‚Äîwith access to tons of high-quality, educational children's books, including Read-To-Me books, audiobooks and nonfiction. Students can use it after class, too!

You‚Äôll also get:

- The ability to create student profiles and assign books
- Personalized recommendations based on students‚Äô reading levels and interests
- Seamless progress tracking between in-class and home reading
- Incentives like special badges and rewards for a job well done

THE EPIC LIBRARY
Our award-winning platform offers a huge variety of titles for kids 12 and under from leading publishers like Scholastic, National Geographic, HarperCollins and more. With tens of thousands of books and learning videos (and counting), there‚Äôs something for every age, interest and reading level.

Epic offers ebooks and learning videos for kindergarten through 7th grade.

The Epic library has everything from picture books to chapter books, Read-To-Me books, audiobooks, graphic novels, comics, nonfiction and educational titles, educational videos and more. We‚Äôve also got Spanish-, French- and Chinese-language books.

Well-known books and series include:
Curious George
Goodnight Moon
Sesame Street
National Geographic
Diary of a Wimpy Kid
El Deafo
Wings of Fire

*Plus, our popular Epic Originals!

PRESS AND EXPERT REVIEWS
Epic has been featured on The TODAY Show, CNET and Refinery 29, as well as in The Wall Street Journal, Parents Magazine, USA Today, Forbes, Parenting.com and more.

‚ÄúEpic strikes the perfect balance between educational and fun, and should allow parents to feel more confident about introducing the iPad into their children‚Äôs daily lives as a tool.‚Äù ‚ÄîTechCrunch

""Get access to thousands of books on all subject matters"" ‚ÄîParenting.com

""Epic is incredibly valuable because it gives students exposure to books that they wouldn't get from a library or our classroom."" ‚ÄîCindy, Epic Master Teacher

MORE DETAILS
- Subscription automatically renews unless auto-renew is turned off at least 24 hours before the end of the current period
- To learn how to cancel your subscription visit: https://getepic.zendesk.com/hc/en-us/articles/204930315-How-can-I-cancel-my-Epic-membership-

Privacy Policy
getepic.com/privacy

Terms of Service
getepic.com/tos

CUSTOMER SERVICE
We‚Äôre here to answer any of your questions. Email us at support@getepic.com and our customer support team will reply shortly.","Learn with read-to-me books, ebooks, stories & videos for grade school children","5,000,000+",5000000,9600327,4.393934,86348,24777,True,Education,False,False,"May 21, 2015",This update includes a brand new look and performance improvements so kids can continue to enjoy reading and learning on Epic!
27,Memrise Easy Language Learning,"<b>Learning a language isn‚Äôt hard. Short Lessons. Real-life phrases. Get everything you need to go from learning to speaking, fast, with Memrise.</b>

Join over 60 million people and start learning a language with Memrise, the easiest way to learn a language!

‚ÄòIt‚Äôs among the most popular language apps with its user-friendly interface and helpful video clips with the spoken dialects in action to help you master real-world scenarios.‚Äô - All Tech Buzz

We get to the heart of learning a language: showing you how native speakers speak and teaching you how to do it yourself. Video clips of real people in local streets, coffee shops, karaoke bars and at work help you understand and speak languages the way they‚Äôre actually used in real life situations.

<b>What languages can I learn?</b>

You can learn Spanish (European Spanish and Mexican Spanish)üá™üá∏üá≤üáΩ  French üá´üá∑ German üá©üá™ Italian üáÆüáπ Japanese (Romaji and Kanji) üáØüáµ Korean üá∞üá∑ Chinese, Portuguese (European Portuguese and Brazilian Portuguese)üáµüáπüáßüá∑ Russian üá∑üá∫ Dutch üá≥üá± ÔªøSwedish üá∏üá™ Norwegian üá≥üá¥ Polish üáµüá± Turkish üáπüá∑ Danish üá©üá∞  Icelandic üáÆüá∏ Mongolian üá≤üá≥ Slovenian üá∏üáÆ Yoruba üá≥üá¨ and English (British English and American English)üá¨üáßüá∫üá∏.

<b>Download the app to:</b>
 
1) Learn all the language essentials. Useful vocabulary and phrases for real-life situations: from ordering a coffee to making small chat with friends in new places.
2) Get used to language as the locals speak it. With over 50,000 audio and video clips, you‚Äôll get to grips with a variety of sounds, tone, rhythm, body language, gestures, and more.
3) Ease into speaking another language confidently. A safe space to practice without feeling fearful or embarrassed of speaking in a new language out loud.

<b>Learn French for travel</b>
Our French courses have all the words and phrases you'll need to get you feeling like a local.

<b>Learn Spanish for work</b>
With native speaker video clips to help you understand and speak Spanish to your colleagues, faster.

<b>Learn Japanese for fun</b>
So you can enjoy the Japanese culture and country without translation apps or subtitles.

Whatever your language learning motivation is, Memrise gets you language ready for the real world - no matter if you're a complete beginner or looking to refresh your language knowledge.

A team of language specialists and native speakers working alongside expert engineers design and build your lessons to easily help you go from learning to speaking, fast. Feeling excited? You can learn Spanish, English, French, Italian, German, Portuguese, Russian, Japanese, Korean, Chinese (and more) and learn to speak as the locals do! Try any of our 20+ language courses.
  
<b>Here‚Äôs what others think about Memrise</b>

‚ÄòMemrise immerses you in local pronunciation and dialect to keep you engaged‚Äô - CNN
‚ÄòMemrise is perfect for the complete beginner who wants to learn the basics of a language‚Äô - Popular Science
‚ÄòBest for learning to speak casually in a new language‚Äô - cnet

------ *PLEASE READ:
 
A Memrise Pro subscription is required in order to access all our learning features. These features may vary depending on your device language and language pair. Once purchased, subscriptions will automatically renew unless cancelled before the end of the current payment period. Subscriptions can be managed or cancelled in your Google Play Store account.
 
In-app Permissions ‚Äì To enable some of the features of the Memrise app we may need to ask for your permission. For example, we'll ask to access your microphone if you'd like to practice your pronunciation skills. You can change permissions at any time in your settings.
 
Privacy Policy: https://www.memrise.com/privacy/
Terms of Use: https://www.memrise.com/terms/

Languages available: Spanish, French, German, Italian, Japanese, Korean, Chinese, Portuguese, Russian, Dutch, Swedish, Norwegian, Polish, Turkish, Danish, Icelandic, Mongolian, Slovenian, Yoruba, and English.","Have fun, learn fast and start speaking French, Spanish, German, Japanese","10,000,000+",10000000,35928621,4.5942235,1478285,65914,True,Education,True,True,"May 20, 2013","Bug fixes? Sure, there you go!
App improvements? Voil√†, don‚Äôt mention it!
Cheeseburger with a side of fries? Err‚Ä¶"
28,Stepik: online courses,"Learn anywhere you want with Stepik Mobile App. Stepik is a platform with the best online courses devoted to Computer Science and everything tech-related. Learn data structures, Python programming, statistics and many other useful skills. 

Access video lectures and assignments on the go.
Download lectures to study even when you‚Äôre offline. 
Never forget a deadline by easily importing them in the calendar
Connect with your fellow students and get your questions answered instantaneously by  engaging in the comment section.
Set reminders to motivate yourself and study regularly to maintain and improve your personal record. 
Earn certificates and share them with your friends or improve your job prospects by sharing them on LinkedIn. 
Adjust the speed of the video playback for optimal learning experience.","Learn from experts, together with thousands of other students.","1,000,000+",1000000,3160973,4.65,56422,221,True,Education,False,False,"Dec 23, 2015","In this update:
 - Stability improvements"
29,LearnVern Online Courses,"Free Online Courses with NSDC SkillIndia Certificate. Best App to acquire new skills and Job Openings from India.

LearnVern app allows students to learn 75+ Courses for free all taught in Hindi and other Indian languages like English, Bangla, Tamil, Telugu, Gujarati, Marathi. Free Course Tutorials are taught by expert trainers of Computer Science, Mechanical, Civil, Business, Graphic Design, Spoken English with Government Certificate.

Courses and Tutorials are available like
Digital Marketing, Tally, Python Programming, MS Excel Course, C Programming, Graphic Designing with Photoshop Illustrator, CorelDraw, Android Course, AutoCAD Mechanical Course and Civil, CPP, Wordpress, Java, Web Design with HTML5, CSS3, Javascript, PHP, Software Testing, CREO, Tally, ASP.Net, Computer Hardware Networking and CCNA, IOT, Arduino, Spoken English, 2D Character Animation, Selenium, PLC/ Scada, AngularJS, MATLAB, Cyber Forensics, After Effects, Sketchup, SEO, Solidworks, HVAC, Tally Prime, Effective Communication, Blender, Accounting, MySQL, ReactJS, Facebook Marketing, Video Editing, JQuery, Web Scrapping, Maya and a lot more Courses and Tutorials.

It is considered as a Great Learning App where you can learn Microsoft Courses for free. Furthermore Google Ads and Analytics Courses are available with complete tutorials taught for free. Best part of the LearnVern is that you wont require any free Course Coupon to access the Free Moocs and is considered better then swayam. LearnVern courses are also listed on eSkillIndia as it is associated with NSDC SkillIndia. The virtual courses are complete and can be considered as a guru with zero course fees. Whether you want to learn basic computer course to advance level of English speaking course you will find a free tutorial on LearnVern. 

LearnVern not only will prepare the students to Learn the topic but will also help for Interview Preparation, Aptitude and Soft Skills for the best Job Opportunities.

The free courses online with certificates will help you show the skills you have acquired to various job opportunities across India.

LearnVern's Digital marketing course is compared and extensive to the google digital marketing course and it is offered in Hindi. If you are planning to Learn Microsoft then the LearnVern app has all the courses for MS Word and MS Excel.


LearnVern's Android app allows students to download the content for offline so students from across the world can access the video tutorials for online or offline viewing.",75+ Full Courses Taught in Hindi + Certificate Available,"1,000,000+",1000000,1071163,4.39726,23120,22,False,Education,False,False,"Nov 9, 2016",We have improved a lot on the video quality controls and identified some points which were causing issues in the video delivery. - We have improved our User Interface for some easy and clean experience helping users for better learning. - Added features for scheduled learning and community engagement. You can ask other fellow learners any doubts that you might have right away while learning - Better quiz and tests are updated for better feedback and understanding of your course learnings.
